Year,Region,District,Cycle,3 to 11 months male,3 to 11 months female,12 to 59 months male,12 to 59 months female
ISTRICT4332,1,1456,1274,4696,542
2018,Brong Ahafo,DISTRICT4332,2,6975,698,1089,888
2018,Brong Ahafo,DISTRICT4332,3,4726,865,1692,1938
2018,Brong Ahafo,DISTRICT4332,4,5201,687,3535,603
2018,Brong Ahafo,DISTRICT7553,1,7638,1303,2040,1617
2018,Brong Ahafo,DISTRICT7553,2,3802,1715,1662,660
2018,Brong Ahafo,DISTRICT7553,3,4836,741,851,1175
2018,Brong Ahafo,DISTRICT7553,4,3305,673,4864,984
2018,Central,DISTRICT3801,1,3648,1092,2555,884
2018,Central,DISTRICT3801,2,9039,1157,2592,1315
2018,Central,DISTRICT3801,3,7653,1891,3600,1458
2018,Central,DISTRICT3801,4,8643,1466,2684,1535
2018,Central,DISTRICT7022,1,9432,1513,2978,1574
2018,Central,DISTRICT7022,2,3726,765,870,838
2018,Central,DISTRICT7022,3,6250,554,3852,1999
2018,Central,DISTRICT7022,4,4047,1165,1410,1564
2018,Central,DISTRICT5843,1,9948,1839,1400,702
2018,Central,DISTRICT5843,2,9619,1617,2416,1003
2018,Central,DISTRICT5843,3,6385,905,4054,654
2018,Central,DISTRICT5843,4,7326,1499,1945,1131
2018,Central,DISTRICT9233,1,1921,1943,4677,1035
2018,Central,DISTRICT9233,2,8041,686,4768,645
2018,Central,DISTRICT9233,3,9424,750,3187,1453
2018,Central,DISTRICT9233,4,9143,1846,2575,1778
2018,Eastern,DISTRICT5052,1,5394,1385,3883,1256
2018,Eastern,DISTRICT5052,2,3482,1833,1257,1146
2018,Eastern,DISTRICT5052,3,5159,1340,4192,1392
2018,Eastern,DISTRICT5052,4,6518,618,1735,1881
2018,Eastern,DISTRICT816,1,6318,1295,4588,1948
2018,Eastern,DISTRICT816,2,9999,1248,3541,1153
2018,Eastern,DISTRICT816,3,3099,541,1500,1374
2018,Eastern,DISTRICT816,4,5795,1734,1134,745
2018,Greater Accra,DISTRICT2000,1,6674,684,3902,1751
2018,Greater Accra,DISTRICT2000,2,8876,1922,853,1490
2018,Greater Accra,DISTRICT2000,3,6529,1404,2162,1359
2018,Greater Accra,DISTRICT2000,4,9754,506,1294,1530
2018,Northern,DISTRICT1703,1,5837,1334,1008,753
2018,Northern,DISTRICT1703,2,5283,1318,2058,1330
2018,Northern,DISTRICT1703,3,3974,860,2026,999
2018,Northern,DISTRICT1703,4,5166,1634,2236,814
2018,Northern,DISTRICT4966,1,1726,805,1443,1704
2018,Northern,DISTRICT4966,2,6213,1813,4224,1052
2018,Northern,DISTRICT4966,3,6523,1995,2210,735
2018,Northern,DISTRICT4966,4,1324,1278,4361,773
2018,Northern,DISTRICT2455,1,1814,894,2600,875
2018,Northern,DISTRICT2455,2,5645,1536,2608,953
2018,Northern,DISTRICT2455,3,9226,1168,1314,1941
2018,Northern,DISTRICT2455,4,9833,1158,1694,1001
2018,Upper East,DISTRICT8013,1,5617,960,4365,604
2018,Upper East,DISTRICT8013,2,1613,720,3334,1140
2018,Upper East,DISTRICT8013,3,7458,1052,4444,1569
2018,Upper East,DISTRICT8013,4,3428,1392,2243,593
2018,Upper East,DISTRICT6463,1,4416,913,2322,730
2018,Upper East,DISTRICT6463,2,9484,654,2477,1259
2018,Upper East,DISTRICT6463,3,1861,595,1811,1647
2018,Upper East,DISTRICT6463,4,2910,1072,1082,668
2018,Upper East,DISTRICT4363,1,7986,1029,3204,765
2018,Upper East,DISTRICT4363,2,7972,841,4112,1061
2018,Upper East,DISTRICT4363,3,1506,880,2140,1033
2018,Upper East,DISTRICT4363,4,4941,870,4801,1315
2018,Upper West,DISTRICT7955,1,5431,582,4633,1318
2018,Upper West,DISTRICT7955,2,8266,1405,2777,890
2018,Upper West,DISTRICT7955,3,5674,1112,1394,887
2018,Upper West,DISTRICT7955,4,4331,1457,1951,871
2018,Upper West,DISTRICT4436,1,8626,687,4793,505
2018,Upper West,DISTRICT4436,2,3439,1945,2970,1168
2018,Upper West,DISTRICT4436,3,8707,1159,2472,1717
2018,Upper West,DISTRICT4436,4,8693,1155,2724,618
2018,Upper West,DISTRICT8105,1,5841,727,4922,1344
2018,Upper West,DISTRICT8105,2,7860,1133,1525,1715
2018,Upper West,DISTRICT8105,3,1512,551,3003,607
2018,Upper West,DISTRICT8105,4,9020,1618,3281,1295
2018,Upper West,DISTRICT8307,1,6981,1439,1412,1401
2018,Upper West,DISTRICT8307,2,9532,628,1147,542
2018,Upper West,DISTRICT8307,3,2358,905,1283,1683
2018,Upper West,DISTRICT8307,4,2393,1793,2520,1182
2018,Volta,DISTRICT7439,1,6652,694,2232,1743
2018,Volta,DISTRICT7439,2,9154,1723,3757,1540
2018,Volta,DISTRICT7439,3,9500,1338,3004,952
2018,Volta,DISTRICT7439,4,9714,996,3627,823
2018,Volta,DISTRICT5982,1,2348,1692,3737,1214
2018,Volta,DISTRICT5982,2,6461,1181,4014,1192
2018,Volta,DISTRICT5982,3,6640,1168,2809,1219
2018,Volta,DISTRICT5982,4,2669,1234,4302,1170
2018,Volta,DISTRICT9312,1,4420,1524,1064,519
2018,Volta,DISTRICT9312,2,5074,1651,4334,1984
2018,Volta,DISTRICT9312,3,3104,622,2427,1038
2018,Volta,DISTRICT9312,4,5836,588,3876,1227
2018,Volta,DISTRICT8465,1,5848,622,3770,966
2018,Volta,DISTRICT8465,2,6435,1147,4635,1113
2018,Volta,DISTRICT8465,3,2177,830,919,1438
2018,Volta,DISTRICT8465,4,4515,912,1504,1577
2018,Western,DISTRICT2365,1,7039,673,3817,1796
2018,Western,DISTRICT2365,2,4550,1408,2370,1180
2018,Western,DISTRICT2365,3,6554,1173,2118,863
2018,Western,DISTRICT2365,4,8699,936,2260,1128
2018,Savannah,DISTRICT3055,1,8288,584,4798,754
2018,Savannah,DISTRICT3055,2,9688,805,2368,828
2018,Savannah,DISTRICT3055,3,9211,835,4308,1679
2018,Savannah,DISTRICT3055,4,5527,1073,4235,978
2018,Savannah,DISTRICT7433,1,5181,1275,1098,1547
2018,Savannah,DISTRICT7433,2,8075,1569,1572,560
2018,Savannah,DISTRICT7433,3,2469,1487,4104,1280
2018,Savannah,DISTRICT7433,4,8022,533,866,1033
2018,Savannah,DISTRICT6287,1,1802,1571,3100,1585
2018,Savannah,DISTRICT6287,2,4121,958,3050,655
2018,Savannah,DISTRICT6287,3,4441,933,3916,1353
2018,Savannah,DISTRICT6287,4,1758,1015,1325,693
2018,Savannah,DISTRICT1684,1,8034,750,4907,1253
2018,Savannah,DISTRICT1684,2,6627,1081,3373,880
2018,Savannah,DISTRICT1684,3,2626,1094,2565,1367
2018,Savannah,DISTRICT1684,4,2803,1864,4284,1598
2018,Savannah,DISTRICT1268,1,9426,1558,3679,1433
2018,Savannah,DISTRICT1268,2,2043,1047,2811,1393
2018,Savannah,DISTRICT1268,3,2308,753,1529,653
2018,Savannah,DISTRICT1268,4,1822,774,4552,1791
2018,Bono East,DISTRICT6517,1,7176,1583,2256,916
2018,Bono East,DISTRICT6517,2,5881,793,990,1050
2018,Bono East,DISTRICT6517,3,7349,877,3832,943
2018,Bono East,DISTRICT6517,4,2659,1055,1825,803
2018,Bono East,DISTRICT2000,1,6539,1325,1876,1616
2018,Bono East,DISTRICT2000,2,2443,943,2133,1471
2018,Bono East,DISTRICT2000,3,2337,721,4125,1034
2018,Bono East,DISTRICT2000,4,7504,1422,2800,1957
2018,Bono East,DISTRICT1425,1,2971,1296,3882,1295
2018,Bono East,DISTRICT1425,2,1004,769,1026,845
2018,Bono East,DISTRICT1425,3,6759,1611,4031,693
2018,Bono East,DISTRICT1425,4,2599,670,4351,653
2018,Bono East,DISTRICT5712,1,6506,946,3748,892
2018,Bono East,DISTRICT5712,2,5356,762,2285,1707
2018,Bono East,DISTRICT5712,3,7926,1543,2059,1286
2018,Bono East,DISTRICT5712,4,3236,1946,2436,1317
2018,Oti,DISTRICT3015,1,1959,916,2602,1853
2018,Oti,DISTRICT3015,2,4775,1035,2475,667
2018,Oti,DISTRICT3015,3,1511,708,2234,1269
2018,Oti,DISTRICT3015,4,6693,1327,4654,1570
2018,Oti,DISTRICT5008,1,1158,831,2144,1929
2018,Oti,DISTRICT5008,2,5965,1002,2016,678
2018,Oti,DISTRICT5008,3,1581,1322,4538,684
2018,Oti,DISTRICT5008,4,2404,1493,1617,1260
2018,Oti,DISTRICT998,1,4374,932,4367,589
2018,Oti,DISTRICT998,2,7104,1443,2091,750
2018,Oti,DISTRICT998,3,7470,1491,961,861
2018,Oti,DISTRICT998,4,6315,984,2704,1041
2018,Oti,DISTRICT5104,1,6955,1440,3986,900
2018,Oti,DISTRICT5104,2,2915,502,1229,1999
2018,Oti,DISTRICT5104,3,4161,1171,1526,1170
2018,Oti,DISTRICT5104,4,8556,1612,2181,1422
2018,Ahafo,DISTRICT8803,1,3727,993,3272,1316
2018,Ahafo,DISTRICT8803,2,3271,1894,3142,1564
2018,Ahafo,DISTRICT8803,3,5048,677,4697,1546
2018,Ahafo,DISTRICT8803,4,7452,1267,4117,675
2018,Ahafo,DISTRICT992,1,7315,779,903,1791
2018,Ahafo,DISTRICT992,2,7605,541,3015,1586
2018,Ahafo,DISTRICT992,3,4522,675,4138,981
2018,Ahafo,DISTRICT992,4,4719,961,2835,1383
2018,Ahafo,DISTRICT8839,1,4335,1927,4118,1973
2018,Ahafo,DISTRICT8839,2,6228,525,2633,1259
2018,Ahafo,DISTRICT8839,3,8112,1021,4344,1928
2018,Ahafo,DISTRICT8839,4,5982,1442,1242,1873
2018,Western North,DISTRICT350,1,2006,1320,1250,1329
2018,Western North,DISTRICT350,2,5212,1217,2060,1619
2018,Western North,DISTRICT350,3,7859,591,4757,1100
2018,Western North,DISTRICT350,4,3545,599,1075,1512
2018,Western North,DISTRICT4914,1,1056,1235,3894,652
2018,Western North,DISTRICT4914,2,8853,1873,4737,584
2018,Western North,DISTRICT4914,3,5758,839,3828,1762
2018,Western North,DISTRICT4914,4,9985,619,3852,973
2018,Western North,DISTRICT8200,1,4683,1870,981,504
2018,Western North,DISTRICT8200,2,6593,1844,3758,741
2018,Western North,DISTRICT8200,3,6777,1144,2579,631
2018,Western North,DISTRICT8200,4,5590,831,4183,1431
2018,Western North,DISTRICT9195,1,5968,955,1046,1744
2018,Western North,DISTRICT9195,2,9825,1850,2996,1989
2018,Western North,DISTRICT9195,3,7971,1845,4225,1746
2018,Western North,DISTRICT9195,4,1872,1110,3941,1744
2018,Western North,DISTRICT2674,1,2035,501,2005,1368
2018,Western North,DISTRICT2674,2,5442,1471,936,839
2018,Western North,DISTRICT2674,3,4856,947,4817,1494
2018,Western North,DISTRICT2674,4,2430,1637,3679,1173
2018,North East,DISTRICT172,1,9491,571,4551,1362
2018,North East,DISTRICT172,2,5670,613,1178,525
2018,North East,DISTRICT172,3,3684,805,2549,986
2018,North East,DISTRICT172,4,8344,1629,4782,1904
2018,North East,DISTRICT7290,1,8261,1361,2728,698
2018,North East,DISTRICT7290,2,7227,1467,2215,1401
2018,North East,DISTRICT7290,3,9886,1467,3500,1688
2018,North East,DISTRICT7290,4,6093,742,3941,778
2018,North East,DISTRICT356,1,6641,1010,2978,1993
2018,North East,DISTRICT356,2,1476,1954,3114,1803
2018,North East,DISTRICT356,3,8460,860,3309,1317
2018,North East,DISTRICT356,4,5483,998,1727,814
2019,Ashanti,DISTRICT8654,1,3401,1893,1691,738
2019,Ashanti,DISTRICT8654,2,5599,613,3513,1288
2019,Ashanti,DISTRICT8654,3,8918,1198,4989,1786
2019,Ashanti,DISTRICT8654,4,4957,1543,3873,1692
2019,Ashanti,DISTRICT561,1,4098,1298,3024,648
2019,Ashanti,DISTRICT561,2,4707,607,3326,736
2019,Ashanti,DISTRICT561,3,9593,1332,2502,682
2019,Ashanti,DISTRICT561,4,3108,1508,3709,936
2019,Ashanti,DISTRICT4779,1,1029,1310,4549,1853
2019,Ashanti,DISTRICT4779,2,4808,1825,3354,1073
2019,Ashanti,DISTRICT4779,3,4961,754,2245,893
2019,Ashanti,DISTRICT4779,4,4522,1559,2144,910
2019,Ashanti,DISTRICT7572,1,2071,1925,4412,561
2019,Ashanti,DISTRICT7572,2,9484,815,4624,1895
2019,Ashanti,DISTRICT7572,3,7613,658,3811,1149
2019,Ashanti,DISTRICT7572,4,2573,707,1486,777
2019,Brong Ahafo,DISTRICT5110,1,2889,766,4500,976
2019,Brong Ahafo,DISTRICT5110,2,9370,1273,4956,985
2019,Brong Ahafo,DISTRICT5110,3,8502,1613,4465,1166
2019,Brong Ahafo,DISTRICT5110,4,3986,749,1571,1733
2019,Brong Ahafo,DISTRICT9636,1,7022,888,3751,718
2019,Brong Ahafo,DISTRICT9636,2,2718,523,1920,1086
2019,Brong Ahafo,DISTRICT9636,3,8566,809,872,1659
2019,Brong Ahafo,DISTRICT9636,4,2100,1361,4772,974
2019,Brong Ahafo,DISTRICT9363,1,2509,1303,2269,1145
2019,Brong Ahafo,DISTRICT9363,2,3308,1932,4086,1985
2019,Brong Ahafo,DISTRICT9363,3,2491,1960,1214,1655
2019,Brong Ahafo,DISTRICT9363,4,2396,1604,3238,809
2019,Brong Ahafo,DISTRICT1508,1,4091,1101,4688,1019
2019,Brong Ahafo,DISTRICT1508,2,3416,1778,3449,1324
2019,Brong Ahafo,DISTRICT1508,3,2089,590,2122,1236
2019,Brong Ahafo,DISTRICT1508,4,8126,662,2754,1999
2019,Brong Ahafo,DISTRICT8622,1,8108,1895,1917,677
2019,Brong Ahafo,DISTRICT8622,2,9863,1133,4592,1175
2019,Brong Ahafo,DISTRICT8622,3,2131,566,1521,1790
2019,Brong Ahafo,DISTRICT8622,4,2172,733,1713,1262
2019,Central,DISTRICT8588,1,7921,1018,4266,1057
2019,Central,DISTRICT8588,2,1213,1141,3416,1437
2019,Central,DISTRICT8588,3,5813,1472,1802,1885
2019,Central,DISTRICT8588,4,2552,1550,1881,521
2019,Central,DISTRICT7260,1,3976,899,1128,1636
2019,Central,DISTRICT7260,2,6589,802,4282,1602
2019,Central,DISTRICT7260,3,1147,1219,2838,630
2019,Central,DISTRICT7260,4,6102,1492,1187,641
2019,Central,DISTRICT7361,1,2547,1101,3018,1782
2019,Central,DISTRICT7361,2,4537,612,2670,661
2019,Central,DISTRICT7361,3,8990,954,1597,1787
2019,Central,DISTRICT7361,4,2830,1779,1455,1130
2019,Eastern,DISTRICT9082,1,3473,1418,2130,1511
2019,Eastern,DISTRICT9082,2,3886,804,2428,643
2019,Eastern,DISTRICT9082,3,2778,632,1508,1803
2019,Eastern,DISTRICT9082,4,2172,1690,2851,1854
2019,Eastern,DISTRICT1309,1,2654,1734,1882,1849
2019,Eastern,DISTRICT1309,2,6398,842,4734,777
2019,Eastern,DISTRICT1309,3,5044,1558,4148,682
2019,Eastern,DISTRICT1309,4,4366,992,2621,602
2019,Eastern,DISTRICT3816,1,8723,1404,3743,1248
2019,Eastern,DISTRICT3816,2,2518,1453,3408,1388
2019,Eastern,DISTRICT3816,3,9195,1569,1583,814
2019,Eastern,DISTRICT3816,4,3892,1526,4277,1683
2019,Eastern,DISTRICT1398,1,2445,500,3217,511
2019,Eastern,DISTRICT1398,2,3968,926,3905,962
2019,Eastern,DISTRICT1398,3,8508,782,2953,1731
2019,Eastern,DISTRICT1398,4,9928,1362,4987,1799
2019,Eastern,DISTRICT400,1,7611,870,1763,640
2019,Eastern,DISTRICT400,2,9641,1241,2152,1086
2019,Eastern,DISTRICT400,3,9084,1746,3154,1357
2019,Eastern,DISTRICT400,4,2169,1885,1627,978
2019,Greater Accra,DISTRICT392,1,1030,1588,2316,501
2019,Greater Accra,DISTRICT392,2,6512,1097,4756,1351
2019,Greater Accra,DISTRICT392,3,6677,912,3714,1365
2019,Greater Accra,DISTRICT392,4,7521,525,4649,1399
2019,Greater Accra,DISTRICT5256,1,4171,986,2070,1278
2019,Greater Accra,DISTRICT5256,2,2958,1926,1484,1122
2019,Greater Accra,DISTRICT5256,3,8352,1162,1152,1547
2019,Greater Accra,DISTRICT5256,4,6673,1172,2093,1470
2019,Greater Accra,DISTRICT4398,1,8457,1213,2649,1527
2019,Greater Accra,DISTRICT4398,2,5556,1197,1132,1903
2019,Greater Accra,DISTRICT4398,3,6054,930,3899,1976
2019,Greater Accra,DISTRICT4398,4,5736,610,4906,1264
2019,Greater Accra,DISTRICT3931,1,1859,1560,3867,1819
2019,Greater Accra,DISTRICT3931,2,7406,967,2513,1940
2019,Greater Accra,DISTRICT3931,3,4490,911,4337,1903
2019,Greater Accra,DISTRICT3931,4,8246,1654,2199,738
2019,Northern,DISTRICT6484,1,6895,933,4595,1909
2019,Northern,DISTRICT6484,2,3475,1490,4502,1224
2019,Northern,DISTRICT6484,3,8783,1931,834,1526
2019,Northern,DISTRICT6484,4,8522,938,2665,1801
2019,Northern,DISTRICT7613,1,9199,1663,3672,1260
2019,Northern,DISTRICT7613,2,2913,1768,2425,1842
2019,Northern,DISTRICT7613,3,3502,1123,2024,1136
2019,Northern,DISTRICT7613,4,6100,711,2055,1372
2019,Northern,DISTRICT2573,1,2633,994,1339,1591
2019,Northern,DISTRICT2573,2,8642,1049,2187,1746
2019,Northern,DISTRICT2573,3,4229,1312,3968,745
2019,Northern,DISTRICT2573,4,2029,753,4980,1621
2019,Northern,DISTRICT7670,1,8410,1485,3848,613
2019,Northern,DISTRICT7670,2,3214,659,4065,619
2019,Northern,DISTRICT7670,3,7218,1517,1879,1524
2019,Northern,DISTRICT7670,4,8165,1192,2654,989
2019,Northern,DISTRICT1682,1,2375,1480,2900,1856
2019,Northern,DISTRICT1682,2,1347,1054,4483,678
2019,Northern,DISTRICT1682,3,5201,1433,1521,1345
2019,Northern,DISTRICT1682,4,2985,509,4901,1072
2019,Upper East,DISTRICT8222,1,5159,1826,935,1263
2019,Upper East,DISTRICT8222,2,3569,651,2518,1322
2019,Upper East,DISTRICT8222,3,9631,1761,2509,1722
2019,Upper East,DISTRICT8222,4,3949,1416,3460,1516
2019,Upper East,DISTRICT2671,1,6409,757,4399,1458
2019,Upper East,DISTRICT2671,2,7789,1737,1369,1653
2019,Upper East,DISTRICT2671,3,5087,1326,3226,1720
2019,Upper East,DISTRICT2671,4,4497,1433,3688,1072
2019,Upper East,DISTRICT2883,1,3463,1206,1197,1023
2019,Upper East,DISTRICT2883,2,4951,881,3480,1639
2019,Upper East,DISTRICT2883,3,5679,1229,4116,1090
2019,Upper East,DISTRICT2883,4,3620,800,1175,1134
2019,Upper East,DISTRICT3380,1,3657,555,2594,669
2019,Upper East,DISTRICT3380,2,2121,1528,3450,1772
2019,Upper East,DISTRICT3380,3,2840,1044,4159,1313
2019,Upper East,DISTRICT3380,4,5880,1738,4872,1802
2019,Upper West,DISTRICT2240,1,4638,1864,1958,1934
2019,Upper West,DISTRICT2240,2,8298,825,3185,713
2019,Upper West,DISTRICT2240,3,9010,1834,2651,1311
2019,Upper West,DISTRICT2240,4,4028,1482,2848,1743
2019,Upper West,DISTRICT9342,1,3032,1584,4976,639
2019,Upper West,DISTRICT9342,2,2909,1068,4820,1165
2019,Upper West,DISTRICT9342,3,8696,799,4713,902
2019,Upper West,DISTRICT9342,4,4655,993,3883,1158
2019,Upper West,DISTRICT4275,1,7248,1272,1515,772
2019,Upper West,DISTRICT4275,2,1729,1126,2189,1830
2019,Upper West,DISTRICT4275,3,6765,1179,1145,1108
2019,Upper West,DISTRICT4275,4,3891,1088,2532,682
2019,Volta,DISTRICT6735,1,2083,1200,1289,1005
2019,Volta,DISTRICT6735,2,4395,1175,4380,681
2019,Volta,DISTRICT6735,3,6056,1834,1674,933
2019,Volta,DISTRICT6735,4,9361,661,4479,670
2019,Volta,DISTRICT8596,1,9295,1612,3099,1673
2019,Volta,DISTRICT8596,2,5786,803,995,1876
2019,Volta,DISTRICT8596,3,6711,579,2196,1871
2019,Volta,DISTRICT8596,4,9348,1343,1536,1837
2019,Volta,DISTRICT191,1,9724,733,1500,1538
2019,Volta,DISTRICT191,2,4164,1658,1352,610
2019,Volta,DISTRICT191,3,1978,1073,2028,1824
2019,Volta,DISTRICT191,4,2112,633,1445,1430
2019,Volta,DISTRICT8027,1,4807,1331,3957,2000
2019,Volta,DISTRICT8027,2,7161,952,1072,1953
2019,Volta,DISTRICT8027,3,7628,1253,3973,633
2019,Volta,DISTRICT8027,4,5712,1085,4508,1202
2019,Volta,DISTRICT8077,1,6187,882,2484,1215
2019,Volta,DISTRICT8077,2,4958,1293,2992,522
2019,Volta,DISTRICT8077,3,6058,1221,3532,1727
2019,Volta,DISTRICT8077,4,4737,1908,3516,1274
2019,Western,DISTRICT5441,1,4695,907,4416,1606
2019,Western,DISTRICT5441,2,2694,564,1171,1842
2019,Western,DISTRICT5441,3,4788,584,2731,892
2019,Western,DISTRICT5441,4,6724,595,3602,1492
2019,Western,DISTRICT8335,1,9334,1126,1124,1940
2019,Western,DISTRICT8335,2,4673,1424,4290,1228
2019,Western,DISTRICT8335,3,8273,849,3391,683
2019,Western,DISTRICT8335,4,2282,1868,2382,1611
2019,Savannah,DISTRICT2792,1,2609,688,1629,846
2019,Savannah,DISTRICT2792,2,4907,1727,4503,1304
2019,Savannah,DISTRICT2792,3,1909,622,2533,853
2019,Savannah,DISTRICT2792,4,5961,743,1565,1329
2019,Savannah,DISTRICT7656,1,9304,1668,1229,1778
2019,Savannah,DISTRICT7656,2,4956,1245,2039,1012
2019,Savannah,DISTRICT7656,3,8555,1736,3791,565
2019,Savannah,DISTRICT7656,4,6792,1475,1833,1396
2019,Bono East,DISTRICT4471,1,4150,1383,2172,1725
2019,Bono East,DISTRICT4471,2,6900,1161,3601,1101
2019,Bono East,DISTRICT4471,3,1016,941,1947,954
2019,Bono East,DISTRICT4471,4,1896,756,3877,1832
2019,Bono East,DISTRICT5795,1,1088,1587,2336,672
2019,Bono East,DISTRICT5795,2,1503,1261,2284,1310
2019,Bono East,DISTRICT5795,3,3414,619,1148,866
2019,Bono East,DISTRICT5795,4,1656,1389,1046,1335
2019,Bono East,DISTRICT5046,1,1041,604,1709,1681
2019,Bono East,DISTRICT5046,2,5947,1226,4160,1952
2019,Bono East,DISTRICT5046,3,2919,1786,1218,854
2019,Bono East,DISTRICT5046,4,5869,1913,3180,728
2019,Bono East,DISTRICT1993,1,3100,1395,2818,1316
2019,Bono East,DISTRICT1993,2,5874,1128,3883,548
2019,Bono East,DISTRICT1993,3,4180,1571,2787,1523
2019,Bono East,DISTRICT1993,4,1555,1862,1037,722
2019,Bono East,DISTRICT5150,1,6141,790,2030,1357
2019,Bono East,DISTRICT5150,2,6923,591,3017,609
2019,Bono East,DISTRICT5150,3,9039,838,2164,1953
2019,Bono East,DISTRICT5150,4,2165,1805,3601,924
2019,Oti,DISTRICT7603,1,5082,1770,1103,1613
2019,Oti,DISTRICT7603,2,1088,1115,1707,553
2019,Oti,DISTRICT7603,3,8208,544,4771,1630
2019,Oti,DISTRICT7603,4,6316,724,3054,1555
2019,Oti,DISTRICT8604,1,7004,1257,4507,1269
2019,Oti,DISTRICT8604,2,4077,1724,1853,1867
2019,Oti,DISTRICT8604,3,5145,529,3206,928
2019,Oti,DISTRICT8604,4,6694,1872,3658,1271
2019,Oti,DISTRICT2819,1,2750,1826,4507,751
2019,Oti,DISTRICT2819,2,4798,1775,2856,1419
2019,Oti,DISTRICT2819,3,8250,626,2045,784
2019,Oti,DISTRICT2819,4,8102,885,3468,1319
2019,Oti,DISTRICT7060,1,9144,717,4650,962
2019,Oti,DISTRICT7060,2,7499,821,834,1290
2019,Oti,DISTRICT7060,3,9528,635,4986,1447
2019,Oti,DISTRICT7060,4,1293,1415,4365,1041
2019,Ahafo,DISTRICT6374,1,9963,602,4446,1872
2019,Ahafo,DISTRICT6374,2,6836,1315,1416,956
2019,Ahafo,DISTRICT6374,3,7894,961,3805,1324
2019,Ahafo,DISTRICT6374,4,9495,594,2671,1645
2019,Western North,DISTRICT1287,1,5300,860,1950,1753
2019,Western North,DISTRICT1287,2,9858,987,2456,1491
2019,Western North,DISTRICT1287,3,2772,1888,4139,769
2019,Western North,DISTRICT1287,4,5837,1720,3239,1734
2019,North East,DISTRICT4120,1,2607,1714,4808,1545
2019,North East,DISTRICT4120,2,7098,549,3525,1612
2019,North East,DISTRICT4120,3,5615,548,3154,644
2019,North East,DISTRICT4120,4,5705,1551,1610,1061
2020,Ashanti,DISTRICT8282,1,6032,1560,3406,1762
2020,Ashanti,DISTRICT8282,2,2407,551,3209,1624
2020,Ashanti,DISTRICT8282,3,4126,1156,3953,995
2020,Ashanti,DISTRICT8282,4,5469,1093,2650,1274
2020,Brong Ahafo,DISTRICT1753,1,5875,1397,4578,1972
2020,Brong Ahafo,DISTRICT1753,2,5718,890,2194,1380
2020,Brong Ahafo,DISTRICT1753,3,5805,1587,2792,897
2020,Brong Ahafo,DISTRICT1753,4,8403,1481,3318,547
2020,Brong Ahafo,DISTRICT635,1,7991,746,3068,1285
2020,Brong Ahafo,DISTRICT635,2,4985,1307,1941,1230
2020,Brong Ahafo,DISTRICT635,3,2004,731,4245,1235
2020,Brong Ahafo,DISTRICT635,4,1382,1367,1658,1148
2020,Brong Ahafo,DISTRICT8224,1,9539,1706,1814,967
2020,Brong Ahafo,DISTRICT8224,2,1440,1039,3419,1049
2020,Brong Ahafo,DISTRICT8224,3,4187,1519,2441,776
2020,Brong Ahafo,DISTRICT8224,4,2429,1853,2334,620
2020,Central,DISTRICT8329,1,8528,1913,3610,1354
2020,Central,DISTRICT8329,2,6274,963,2429,1389
2020,Central,DISTRICT8329,3,8188,1363,2445,595
2020,Central,DISTRICT8329,4,9273,1713,2303,745
2020,Eastern,DISTRICT3661,1,1811,915,2693,998
2020,Eastern,DISTRICT3661,2,8030,1312,3130,1142
2020,Eastern,DISTRICT3661,3,7639,1503,3402,614
2020,Eastern,DISTRICT3661,4,7292,1064,3716,838
2020,Greater Accra,DISTRICT3733,1,9249,740,3939,899
2020,Greater Accra,DISTRICT3733,2,4064,1331,1924,654
2020,Greater Accra,DISTRICT3733,3,7703,1305,3827,854
2020,Greater Accra,DISTRICT3733,4,8864,722,3696,1733
2020,Greater Accra,DISTRICT7920,1,2100,1551,1705,1361
2020,Greater Accra,DISTRICT7920,2,2625,876,4821,999
2020,Greater Accra,DISTRICT7920,3,9314,1726,1666,709
2020,Greater Accra,DISTRICT7920,4,4042,1034,1230,1415
2020,Greater Accra,DISTRICT2383,1,8907,975,3980,1862
2020,Greater Accra,DISTRICT2383,2,2850,880,3728,1242
2020,Greater Accra,DISTRICT2383,3,8973,1771,3166,575
2020,Greater Accra,DISTRICT2383,4,6509,808,4206,1954
2020,Greater Accra,DISTRICT9691,1,1229,1546,2181,1195
2020,Greater Accra,DISTRICT9691,2,4401,710,2361,1688
2020,Greater Accra,DISTRICT9691,3,6864,1136,4317,944
2020,Greater Accra,DISTRICT9691,4,2269,600,3590,976
2020,Greater Accra,DISTRICT4329,1,2261,1118,3710,1820
2020,Greater Accra,DISTRICT4329,2,4038,1073,3753,1322
2020,Greater Accra,DISTRICT4329,3,9624,1841,4444,1211
2020,Greater Accra,DISTRICT4329,4,9489,1659,4625,894
2020,Northern,DISTRICT1316,1,4067,1962,3482,1706
2020,Northern,DISTRICT1316,2,9783,1111,3306,1769
2020,Northern,DISTRICT1316,3,9952,1961,997,1958
2020,Northern,DISTRICT1316,4,4809,1361,4055,1057
2020,Upper East,DISTRICT6158,1,4207,1741,3762,1345
2020,Upper East,DISTRICT6158,2,9944,1925,4672,1713
2020,Upper East,DISTRICT6158,3,7288,1854,1568,781
2020,Upper East,DISTRICT6158,4,8932,715,2108,1386
2020,Upper East,DISTRICT6764,1,9098,1216,2220,1392
2020,Upper East,DISTRICT6764,2,7869,1984,2282,1329
2020,Upper East,DISTRICT6764,3,2534,1018,1259,1586
2020,Upper East,DISTRICT6764,4,8585,747,896,1535
2020,Upper East,DISTRICT681,1,1795,818,1538,1483
2020,Upper East,DISTRICT681,2,3990,737,1651,1243
2020,Upper East,DISTRICT681,3,7450,1182,1432,831
2020,Upper East,DISTRICT681,4,5729,783,2514,1440
2020,Upper West,DISTRICT6229,1,4608,1446,1796,1014
2020,Upper West,DISTRICT6229,2,7683,866,1976,1356
2020,Upper West,DISTRICT6229,3,8273,1534,4053,1566
2020,Upper West,DISTRICT6229,4,2579,752,4857,657
2020,Upper West,DISTRICT9049,1,4423,1094,1653,992
2020,Upper West,DISTRICT9049,2,3696,969,4392,1903
2020,Upper West,DISTRICT9049,3,1170,742,2436,1270
2020,Upper West,DISTRICT9049,4,7539,1716,1210,1032
2020,Upper West,DISTRICT630,1,1668,677,2548,744
2020,Upper West,DISTRICT630,2,3522,1393,2135,952
2020,Upper West,DISTRICT630,3,9476,1615,1836,1436
2020,Upper West,DISTRICT630,4,3716,555,2159,610
2020,Upper West,DISTRICT2575,1,1736,537,1608,1889
2020,Upper West,DISTRICT2575,2,3814,1096,1239,844
2020,Upper West,DISTRICT2575,3,9936,810,4568,707
2020,Upper West,DISTRICT2575,4,1559,1917,2315,1539
2020,Upper West,DISTRICT1831,1,2971,1622,5000,1043
2020,Upper West,DISTRICT1831,2,1652,790,2463,1350
2020,Upper West,DISTRICT1831,3,7287,1612,3766,1593
2020,Upper West,DISTRICT1831,4,4792,1754,2521,846
2020,Volta,DISTRICT5266,1,6909,770,2487,1372
2020,Volta,DISTRICT5266,2,3880,1748,1372,1929
2020,Volta,DISTRICT5266,3,9533,1392,1639,1862
2020,Volta,DISTRICT5266,4,9603,609,1885,1000
2020,Volta,DISTRICT2706,1,3300,1020,1514,1370
2020,Volta,DISTRICT2706,2,5228,1961,2104,1329
2020,Volta,DISTRICT2706,3,6166,1556,1139,1946
2020,Volta,DISTRICT2706,4,1836,1362,2012,1557
2020,Volta,DISTRICT3240,1,6761,1993,897,1572
2020,Volta,DISTRICT3240,2,8446,947,841,965
2020,Volta,DISTRICT3240,3,5793,829,3240,1072
2020,Volta,DISTRICT3240,4,4884,1618,992,1670
2020,Volta,DISTRICT7323,1,7702,871,2856,1818
2020,Volta,DISTRICT7323,2,9136,548,4641,700
2020,Volta,DISTRICT7323,3,5496,1968,4784,1408
2020,Volta,DISTRICT7323,4,9516,1196,1207,1725
2020,Western,DISTRICT7534,1,8426,1954,3480,1155
2020,Western,DISTRICT7534,2,2026,1106,821,1913
2020,Western,DISTRICT7534,3,7391,1364,3074,976
2020,Western,DISTRICT7534,4,3054,871,2763,782
2020,Western,DISTRICT9812,1,4327,1690,870,780
2020,Western,DISTRICT9812,2,1717,574,3193,679
2020,Western,DISTRICT9812,3,4925,1586,2797,629
2020,Western,DISTRICT9812,4,4927,551,2758,1403
2020,Western,DISTRICT7173,1,4336,1055,4578,1189
2020,Western,DISTRICT7173,2,2899,1805,1043,1580
2020,Western,DISTRICT7173,3,3039,502,1052,1356
2020,Western,DISTRICT7173,4,2855,560,2976,563
2020,Western,DISTRICT8798,1,2982,1304,4293,1764
2020,Western,DISTRICT8798,2,4667,1731,4388,1438
2020,Western,DISTRICT8798,3,8131,534,2562,508
2020,Western,DISTRICT8798,4,9721,1504,3503,1696
2020,Savannah,DISTRICT2177,1,7605,1025,1643,944
2020,Savannah,DISTRICT2177,2,9570,568,932,545
2020,Savannah,DISTRICT2177,3,6724,1218,2314,1772
2020,Savannah,DISTRICT2177,4,5699,655,1440,1770
2020,Savannah,DISTRICT346,1,3417,1457,3539,1136
2020,Savannah,DISTRICT346,2,3503,894,817,1356
2020,Savannah,DISTRICT346,3,3904,1274,1576,1947
2020,Savannah,DISTRICT346,4,6595,1031,821,1246
2020,Savannah,DISTRICT7754,1,3334,1939,4064,1453
2020,Savannah,DISTRICT7754,2,6620,643,3302,1177
2020,Savannah,DISTRICT7754,3,9110,715,4971,681
2020,Savannah,DISTRICT7754,4,1909,826,2188,1244
2020,Bono East,DISTRICT9266,1,4951,1330,4836,1262
2020,Bono East,DISTRICT9266,2,1443,740,1493,1544
2020,Bono East,DISTRICT9266,3,4810,1812,1323,878
2020,Bono East,DISTRICT9266,4,5103,557,1265,1171
2020,Bono East,DISTRICT546,1,9496,1947,828,1909
2020,Bono East,DISTRICT546,2,1812,1716,2254,509
2020,Bono East,DISTRICT546,3,3706,1159,3042,709
2020,Bono East,DISTRICT546,4,9555,1619,1465,776
2020,Oti,DISTRICT383,1,9038,573,4829,1650
2020,Oti,DISTRICT383,2,8781,1173,2478,1902
2020,Oti,DISTRICT383,3,5816,741,4844,1422
2020,Oti,DISTRICT383,4,1906,874,1200,799
2020,Oti,DISTRICT4111,1,1818,1529,3813,1460
2020,Oti,DISTRICT4111,2,6307,645,3202,566
2020,Oti,DISTRICT4111,3,9648,1734,4933,1308
2020,Oti,DISTRICT4111,4,9963,1148,2668,1240
2020,Oti,DISTRICT9750,1,6261,694,2165,1537
2020,Oti,DISTRICT9750,2,4937,782,3912,1261
2020,Oti,DISTRICT9750,3,3552,706,3838,1867
2020,Oti,DISTRICT9750,4,7329,1839,2854,1995
2020,Oti,DISTRICT302,1,3642,943,883,820
2020,Oti,DISTRICT302,2,2448,1368,4605,1630
2020,Oti,DISTRICT302,3,7666,1818,1279,953
2020,Oti,DISTRICT302,4,7679,1722,1693,985
2020,Oti,DISTRICT1034,1,7032,1867,3858,1700
2020,Oti,DISTRICT1034,2,2262,1064,3618,1775
2020,Oti,DISTRICT1034,3,8988,581,1606,1769
2020,Oti,DISTRICT1034,4,6914,1335,4579,1499
2020,Ahafo,DISTRICT4036,1,3404,1151,4963,1066
2020,Ahafo,DISTRICT4036,2,7789,1131,4978,1916
2020,Ahafo,DISTRICT4036,3,4721,1822,1129,1526
2020,Ahafo,DISTRICT4036,4,5370,577,4713,809
2020,Ahafo,DISTRICT9821,1,3125,1964,2089,644
2020,Ahafo,DISTRICT9821,2,6752,1120,1627,976
2020,Ahafo,DISTRICT9821,3,4869,1167,3394,1470
2020,Ahafo,DISTRICT9821,4,3145,904,3531,977
2020,Ahafo,DISTRICT9966,1,9051,528,3729,874
2020,Ahafo,DISTRICT9966,2,9721,1714,1597,1647
2020,Ahafo,DISTRICT9966,3,3427,1216,2617,943
2020,Ahafo,DISTRICT9966,4,6570,1528,1387,536
2020,Ahafo,DISTRICT2584,1,4018,1116,4116,1763
2020,Ahafo,DISTRICT2584,2,1183,1664,2482,1483
2020,Ahafo,DISTRICT2584,3,8034,1878,975,1314
2020,Ahafo,DISTRICT2584,4,7185,1105,3691,1577
2020,Western North,DISTRICT417,1,8966,1619,1315,1875
2020,Western North,DISTRICT417,2,6017,871,2564,990
2020,Western North,DISTRICT417,3,8812,1404,1100,1208
2020,Western North,DISTRICT417,4,3688,782,4865,856
2020,Western North,DISTRICT4714,1,5358,1003,4169,1259
2020,Western North,DISTRICT4714,2,8945,759,3820,587
2020,Western North,DISTRICT4714,3,7005,1441,801,908
2020,Western North,DISTRICT4714,4,1552,1401,1054,1885
2020,Western North,DISTRICT947,1,8158,1796,1886,574
2020,Western North,DISTRICT947,2,3898,787,3833,1209
2020,Western North,DISTRICT947,3,4681,1321,4073,899
2020,Western North,DISTRICT947,4,5868,1751,3396,1264
2020,North East,DISTRICT5496,1,9333,564,1905,717
2020,North East,DISTRICT5496,2,8342,814,2770,1862
2020,North East,DISTRICT5496,3,9476,784,1842,1724
2020,North East,DISTRICT5496,4,7868,1796,3890,1027
2020,North East,DISTRICT3465,1,8903,755,4924,1822
2020,North East,DISTRICT3465,2,1070,1828,1760,881
2020,North East,DISTRICT3465,3,5044,1998,2963,965
2020,North East,DISTRICT3465,4,2162,602,2883,1008
2021,Ashanti,DISTRICT7079,1,7462,932,3535,937
2021,Ashanti,DISTRICT7079,2,1258,1776,1497,1117
2021,Ashanti,DISTRICT7079,3,8227,1629,3552,1176
2021,Ashanti,DISTRICT7079,4,6509,810,4445,1731
2021,Ashanti,DISTRICT3121,1,1958,1546,1867,1170
2021,Ashanti,DISTRICT3121,2,3197,525,2874,622
2021,Ashanti,DISTRICT3121,3,3986,1850,2257,1917
2021,Ashanti,DISTRICT3121,4,5747,654,4237,1205
2021,Ashanti,DISTRICT3723,1,4712,905,3604,1192
2021,Ashanti,DISTRICT3723,2,5796,1196,2295,582
2021,Ashanti,DISTRICT3723,3,7766,595,1302,799
2021,Ashanti,DISTRICT3723,4,2107,1516,3164,557
2021,Brong Ahafo,DISTRICT263,1,3603,1065,3877,1261
2021,Brong Ahafo,DISTRICT263,2,1133,1325,1680,1102
2021,Brong Ahafo,DISTRICT263,3,3855,621,3113,1856
2021,Brong Ahafo,DISTRICT263,4,6262,1895,4486,1414
2021,Central,DISTRICT3431,1,5067,1163,2581,1900
2021,Central,DISTRICT3431,2,9517,776,1372,891
2021,Central,DISTRICT3431,3,4969,1126,4886,1090
2021,Central,DISTRICT3431,4,1889,1790,963,1616
2021,Eastern,DISTRICT5984,1,1709,644,899,1928
2021,Eastern,DISTRICT5984,2,7077,1389,3087,1503
2021,Eastern,DISTRICT5984,3,1152,1008,1408,1153
2021,Eastern,DISTRICT5984,4,2337,1482,1135,1224
2021,Eastern,DISTRICT4991,1,1482,721,2460,830
2021,Eastern,DISTRICT4991,2,8474,1868,1782,1238
2021,Eastern,DISTRICT4991,3,1521,636,2855,1278
2021,Eastern,DISTRICT4991,4,2799,1792,3140,514
2021,Eastern,DISTRICT9321,1,4862,1516,2513,660
2021,Eastern,DISTRICT9321,2,3762,1113,2359,1705
2021,Eastern,DISTRICT9321,3,7036,1382,1494,650
2021,Eastern,DISTRICT9321,4,3293,1761,4436,1194
2021,Greater Accra,DISTRICT5716,1,5178,1754,1361,1469
2021,Greater Accra,DISTRICT5716,2,3253,1902,1012,1525
2021,Greater Accra,DISTRICT5716,3,3148,802,3296,627
2021,Greater Accra,DISTRICT5716,4,8068,642,4766,1215
2021,Greater Accra,DISTRICT8168,1,5879,1651,828,1108
2021,Greater Accra,DISTRICT8168,2,2095,1084,1036,1321
2021,Greater Accra,DISTRICT8168,3,7331,1954,2520,728
2021,Greater Accra,DISTRICT8168,4,6420,1444,4884,1599
2021,Greater Accra,DISTRICT690,1,4771,653,2728,1482
2021,Greater Accra,DISTRICT690,2,2779,1022,4952,513
2021,Greater Accra,DISTRICT690,3,2152,1064,2702,1130
2021,Greater Accra,DISTRICT690,4,1748,802,1405,1264
2021,Greater Accra,DISTRICT4709,1,1087,1637,3453,1390
2021,Greater Accra,DISTRICT4709,2,1692,1441,1529,1322
2021,Greater Accra,DISTRICT4709,3,8082,1800,2702,1671
2021,Greater Accra,DISTRICT4709,4,4955,873,3859,1837
2021,Northern,DISTRICT6061,1,7910,1467,1461,644
2021,Northern,DISTRICT6061,2,2631,1329,1640,1980
2021,Northern,DISTRICT6061,3,2485,1461,4235,881
2021,Northern,DISTRICT6061,4,2551,621,1105,665
2021,Northern,DISTRICT8976,1,9153,1472,2723,1280
2021,Northern,DISTRICT8976,2,5563,1108,1485,987
2021,Northern,DISTRICT8976,3,7564,1554,947,741
2021,Northern,DISTRICT8976,4,7447,1473,2959,1093
2021,Northern,DISTRICT7943,1,6239,731,1608,1296
2021,Northern,DISTRICT7943,2,9828,1049,900,792
2021,Northern,DISTRICT7943,3,4343,982,3816,1777
2021,Northern,DISTRICT7943,4,4849,763,2152,1731
2021,Northern,DISTRICT4512,1,3160,649,1210,1838
2021,Northern,DISTRICT4512,2,1249,1842,2159,1060
2021,Northern,DISTRICT4512,3,3993,1150,2506,711
2021,Northern,DISTRICT4512,4,9998,1043,955,1872
2021,Northern,DISTRICT5777,1,3037,998,2472,1771
2021,Northern,DISTRICT5777,2,8493,1492,3397,1770
2021,Northern,DISTRICT5777,3,6052,1480,3910,992
2021,Northern,DISTRICT5777,4,3591,962,2260,746
2021,Upper East,DISTRICT3960,1,9060,1535,4828,1190
2021,Upper East,DISTRICT3960,2,2276,1094,3837,1186
2021,Upper East,DISTRICT3960,3,4134,1532,4055,811
2021,Upper East,DISTRICT3960,4,8640,1055,1357,845
2021,Upper East,DISTRICT2400,1,7895,1556,4981,1011
2021,Upper East,DISTRICT2400,2,1617,1195,4169,727
2021,Upper East,DISTRICT2400,3,5799,1215,3727,1974
2021,Upper East,DISTRICT2400,4,2913,944,3970,753
2021,Upper East,DISTRICT9990,1,6153,1893,4117,1885
2021,Upper East,DISTRICT9990,2,1820,712,1589,1781
2021,Upper East,DISTRICT9990,3,6790,1926,4619,1887
2021,Upper East,DISTRICT9990,4,7026,1399,4993,1602
2021,Upper East,DISTRICT5653,1,6041,1147,4543,658
2021,Upper East,DISTRICT5653,2,9919,871,1770,1416
2021,Upper East,DISTRICT5653,3,9859,1310,4185,1605
2021,Upper East,DISTRICT5653,4,4845,776,1545,1508
2021,Upper East,DISTRICT3307,1,4376,1479,4134,856
2021,Upper East,DISTRICT3307,2,4968,849,3276,1792
2021,Upper East,DISTRICT3307,3,4966,991,2198,590
2021,Upper East,DISTRICT3307,4,8342,1027,3252,1865
2021,Upper West,DISTRICT7743,1,9964,891,2716,1660
2021,Upper West,DISTRICT7743,2,9743,1218,1940,1407
2021,Upper West,DISTRICT7743,3,4755,993,3993,1922
2021,Upper West,DISTRICT7743,4,3030,1801,1602,616
2021,Upper West,DISTRICT8720,1,6690,1108,3433,1415
2021,Upper West,DISTRICT8720,2,7045,1875,2491,1593
2021,Upper West,DISTRICT8720,3,2884,1795,1234,1709
2021,Upper West,DISTRICT8720,4,1786,1170,2055,843
2021,Upper West,DISTRICT2583,1,5455,1446,1113,974
2021,Upper West,DISTRICT2583,2,3182,1752,3363,523
2021,Upper West,DISTRICT2583,3,9330,551,2738,1402
2021,Upper West,DISTRICT2583,4,1519,786,4207,1469
2021,Upper West,DISTRICT8379,1,5204,1055,1447,635
2021,Upper West,DISTRICT8379,2,6516,1980,1825,597
2021,Upper West,DISTRICT8379,3,8499,1710,4165,1464
2021,Upper West,DISTRICT8379,4,5349,1559,1104,1781
2021,Volta,DISTRICT4185,1,7142,1672,4812,608
2021,Volta,DISTRICT4185,2,8537,745,4058,1013
2021,Volta,DISTRICT4185,3,5931,1884,1055,607
2021,Volta,DISTRICT4185,4,5704,890,981,572
2021,Volta,DISTRICT9428,1,8346,1168,3007,1331
2021,Volta,DISTRICT9428,2,8636,732,902,1706
2021,Volta,DISTRICT9428,3,4131,501,3554,1812
2021,Volta,DISTRICT9428,4,1219,1493,4247,757
2021,Volta,DISTRICT3076,1,4088,1712,4132,1449
2021,Volta,DISTRICT3076,2,3702,1151,1990,619
2021,Volta,DISTRICT3076,3,4479,859,4558,879
2021,Volta,DISTRICT3076,4,3192,634,2574,1927
2021,Western,DISTRICT8973,1,4552,1942,4477,1631
2021,Western,DISTRICT8973,2,2151,1585,853,773
2021,Western,DISTRICT8973,3,8539,807,1259,545
2021,Western,DISTRICT8973,4,4512,676,4281,1921
2021,Western,DISTRICT8591,1,7866,1266,4916,1433
2021,Western,DISTRICT8591,2,8689,1559,2495,1534
2021,Western,DISTRICT8591,3,2688,1150,2156,906
2021,Western,DISTRICT8591,4,9153,1460,3300,1724
2021,Western,DISTRICT2994,1,1581,1127,2392,786
2021,Western,DISTRICT2994,2,7944,1817,1455,1587
2021,Western,DISTRICT2994,3,1026,1684,4542,1328
2021,Western,DISTRICT2994,4,6525,600,2036,1730
2021,Western,DISTRICT2474,1,2528,887,3995,1302
2021,Western,DISTRICT2474,2,3547,1932,1406,630
2021,Western,DISTRICT2474,3,4453,1121,4489,1092
2021,Western,DISTRICT2474,4,1460,678,4971,1060
2021,Savannah,DISTRICT3479,1,7835,1456,1243,1496
2021,Savannah,DISTRICT3479,2,4421,1041,2041,1871
2021,Savannah,DISTRICT3479,3,7148,1179,2246,1881
2021,Savannah,DISTRICT3479,4,7679,935,1318,768
2021,Savannah,DISTRICT981,1,4124,879,4127,1011
2021,Savannah,DISTRICT981,2,8695,867,3644,582
2021,Savannah,DISTRICT981,3,7999,1145,4898,1371
2021,Savannah,DISTRICT981,4,6768,692,3022,1884
2021,Savannah,DISTRICT5490,1,9886,1232,900,1992
2021,Savannah,DISTRICT5490,2,4530,1864,2703,1238
2021,Savannah,DISTRICT5490,3,3478,911,3968,1312
2021,Savannah,DISTRICT5490,4,5793,856,2129,1112
2021,Savannah,DISTRICT7508,1,8759,764,1838,1634
2021,Savannah,DISTRICT7508,2,2854,1731,3460,1487
2021,Savannah,DISTRICT7508,3,3388,1361,1870,1687
2021,Savannah,DISTRICT7508,4,4012,701,1366,791
2021,Bono East,DISTRICT6833,1,9270,1978,916,578
2021,Bono East,DISTRICT6833,2,7453,1964,3036,829
2021,Bono East,DISTRICT6833,3,8656,650,2258,1272
2021,Bono East,DISTRICT6833,4,5693,801,1616,1703
2021,Bono East,DISTRICT7563,1,3790,1132,836,1487
2021,Bono East,DISTRICT7563,2,5994,776,4588,1260
2021,Bono East,DISTRICT7563,3,1889,1938,4005,710
2021,Bono East,DISTRICT7563,4,4744,1904,2913,559
2021,Bono East,DISTRICT9386,1,6955,502,4986,1824
2021,Bono East,DISTRICT9386,2,9873,748,4016,956
2021,Bono East,DISTRICT9386,3,2235,955,4431,517
2021,Bono East,DISTRICT9386,4,7868,827,1607,700
2021,Bono East,DISTRICT6285,1,5425,974,1085,1819
2021,Bono East,DISTRICT6285,2,2208,1639,4081,1873
2021,Bono East,DISTRICT6285,3,5386,1920,1974,1097
2021,Bono East,DISTRICT6285,4,4120,1046,3135,1767
2021,Bono East,DISTRICT1934,1,6123,1922,4458,699
2021,Bono East,DISTRICT1934,2,2582,1163,3517,1232
2021,Bono East,DISTRICT1934,3,5794,631,3166,1960
2021,Bono East,DISTRICT1934,4,3615,1137,4401,1082
2021,Oti,DISTRICT8777,1,4178,1424,887,1807
2021,Oti,DISTRICT8777,2,8441,1415,4526,1864
2021,Oti,DISTRICT8777,3,6352,574,3018,1508
2021,Oti,DISTRICT8777,4,6307,1617,1881,1167
2021,Oti,DISTRICT1737,1,9134,1523,4753,711
2021,Oti,DISTRICT1737,2,3275,651,1049,1029
2021,Oti,DISTRICT1737,3,7153,1955,4043,838
2021,Oti,DISTRICT1737,4,2435,554,925,1523
2021,Oti,DISTRICT6863,1,7841,635,3453,955
2021,Oti,DISTRICT6863,2,4032,1380,4458,1677
2021,Oti,DISTRICT6863,3,9961,983,829,1706
2021,Oti,DISTRICT6863,4,9408,706,3035,551
2021,Oti,DISTRICT2669,1,8344,818,4070,1663
2021,Oti,DISTRICT2669,2,7693,857,2079,1375
2021,Oti,DISTRICT2669,3,6095,685,1687,922
2021,Oti,DISTRICT2669,4,8556,1313,3193,1305
2021,Ahafo,DISTRICT3855,1,9167,1474,1113,914
2021,Ahafo,DISTRICT3855,2,4903,878,4234,1221
2021,Ahafo,DISTRICT3855,3,1422,1746,3723,500
2021,Ahafo,DISTRICT3855,4,3270,974,927,646
2021,Ahafo,DISTRICT4419,1,7290,516,1225,1087
2021,Ahafo,DISTRICT4419,2,6589,1981,4347,575
2021,Ahafo,DISTRICT4419,3,8103,898,1438,1253
2021,Ahafo,DISTRICT4419,4,7635,1863,2434,739
2021,Ahafo,DISTRICT1807,1,2733,1740,3395,1088
2021,Ahafo,DISTRICT1807,2,8134,645,2662,1243
2021,Ahafo,DISTRICT1807,3,7175,1414,977,1449
2021,Ahafo,DISTRICT1807,4,2540,1902,4390,570
2021,Ahafo,DISTRICT9886,1,5232,1085,1235,1039
2021,Ahafo,DISTRICT9886,2,9884,1197,1054,907
2021,Ahafo,DISTRICT9886,3,4531,521,1747,878
2021,Ahafo,DISTRICT9886,4,4534,1572,1011,1816
2021,Ahafo,DISTRICT9411,1,6481,1909,2049,1244
2021,Ahafo,DISTRICT9411,2,6631,508,4473,573
2021,Ahafo,DISTRICT9411,3,6688,1461,2884,994
2021,Ahafo,DISTRICT9411,4,8636,1580,3796,787
2021,Western North,DISTRICT5537,1,2879,1685,3179,723
2021,Western North,DISTRICT5537,2,8435,1882,2721,1835
2021,Western North,DISTRICT5537,3,1803,1275,3628,1670
2021,Western North,DISTRICT5537,4,7318,1657,3726,1390
2021,North East,DISTRICT1472,1,2316,1526,4269,1948
2021,North East,DISTRICT1472,2,9687,1739,2175,1875
2021,North East,DISTRICT1472,3,8841,1694,2831,1271
2021,North East,DISTRICT1472,4,7577,1135,3746,648
2021,North East,DISTRICT8913,1,2796,1272,1516,1432
2021,North East,DISTRICT8913,2,7739,865,2078,1432
2021,North East,DISTRICT8913,3,4252,567,3345,718
2021,North East,DISTRICT8913,4,9088,1476,2119,1610
2022,Ashanti,DISTRICT3577,1,1242,589,2943,1104
2022,Ashanti,DISTRICT3577,2,2195,1576,1680,1505
2022,Ashanti,DISTRICT3577,3,6207,1177,3330,595
2022,Ashanti,DISTRICT3577,4,8311,1158,2464,1100
2022,Brong Ahafo,DISTRICT993,1,5664,692,843,1153
2022,Brong Ahafo,DISTRICT993,2,9160,909,3804,532
2022,Brong Ahafo,DISTRICT993,3,4836,1504,4702,693
2022,Brong Ahafo,DISTRICT993,4,3269,1911,4882,1987
2022,Brong Ahafo,DISTRICT2583,1,2737,849,3845,1016
2022,Brong Ahafo,DISTRICT2583,2,5122,1097,884,917
2022,Brong Ahafo,DISTRICT2583,3,1056,795,3058,731
2022,Brong Ahafo,DISTRICT2583,4,4925,698,3729,1021
2022,Brong Ahafo,DISTRICT3082,1,1738,536,2020,557
2022,Brong Ahafo,DISTRICT3082,2,4877,1997,2920,1036
2022,Brong Ahafo,DISTRICT3082,3,8495,1720,3584,756
2022,Brong Ahafo,DISTRICT3082,4,1746,1431,2343,1204
2022,Brong Ahafo,DISTRICT1878,1,7650,1729,4053,810
2022,Brong Ahafo,DISTRICT1878,2,6389,505,3805,1168
2022,Brong Ahafo,DISTRICT1878,3,5073,983,1021,1199
2022,Brong Ahafo,DISTRICT1878,4,7175,1316,4633,511
2022,Central,DISTRICT5591,1,1014,815,1829,1518
2022,Central,DISTRICT5591,2,6131,1949,2123,1659
2022,Central,DISTRICT5591,3,2083,1664,4861,1794
2022,Central,DISTRICT5591,4,9715,1510,2961,1355
2022,Central,DISTRICT6758,1,7729,1655,2100,1979
2022,Central,DISTRICT6758,2,1297,973,2558,956
2022,Central,DISTRICT6758,3,9014,504,4458,1916
2022,Central,DISTRICT6758,4,2132,930,1540,1762
2022,Eastern,DISTRICT1361,1,3044,1470,1450,1811
2022,Eastern,DISTRICT1361,2,9801,1042,2511,1817
2022,Eastern,DISTRICT1361,3,4577,1916,1473,1853
2022,Eastern,DISTRICT1361,4,4506,1845,1493,1760
2022,Greater Accra,DISTRICT340,1,2108,1192,1842,1196
2022,Greater Accra,DISTRICT340,2,4906,555,3795,1608
2022,Greater Accra,DISTRICT340,3,7025,1527,938,1014
2022,Greater Accra,DISTRICT340,4,9932,1636,4238,986
2022,Greater Accra,DISTRICT1300,1,2567,904,2415,1519
2022,Greater Accra,DISTRICT1300,2,3835,812,3457,1737
2022,Greater Accra,DISTRICT1300,3,1501,970,2929,1440
2022,Greater Accra,DISTRICT1300,4,6662,1771,1041,1950
2022,Greater Accra,DISTRICT7941,1,6501,1127,1111,1546
2022,Greater Accra,DISTRICT7941,2,9867,637,3610,721
2022,Greater Accra,DISTRICT7941,3,9676,1847,3782,1358
2022,Greater Accra,DISTRICT7941,4,3669,644,4551,980
2022,Greater Accra,DISTRICT4152,1,2805,990,2853,1069
2022,Greater Accra,DISTRICT4152,2,5389,1730,2598,1446
2022,Greater Accra,DISTRICT4152,3,6772,1573,2975,578
2022,Greater Accra,DISTRICT4152,4,2644,1423,3232,1447
2022,Greater Accra,DISTRICT6505,1,5270,1064,3233,643
2022,Greater Accra,DISTRICT6505,2,6464,1969,1165,1859
2022,Greater Accra,DISTRICT6505,3,4177,879,3283,1414
2022,Greater Accra,DISTRICT6505,4,5938,995,3066,1947
2022,Northern,DISTRICT6923,1,3301,696,2034,607
2022,Northern,DISTRICT6923,2,8878,548,3315,1199
2022,Northern,DISTRICT6923,3,6028,1929,1871,979
2022,Northern,DISTRICT6923,4,8388,874,3641,938
2022,Upper East,DISTRICT738,1,2757,992,2143,810
2022,Upper East,DISTRICT738,2,3421,1049,968,1893
2022,Upper East,DISTRICT738,3,6090,1132,2384,819
2022,Upper East,DISTRICT738,4,8426,1248,4390,1531
2022,Upper West,DISTRICT6132,1,7421,767,2478,658
2022,Upper West,DISTRICT6132,2,8479,1207,2955,1921
2022,Upper West,DISTRICT6132,3,7670,1961,1302,1084
2022,Upper West,DISTRICT6132,4,7538,625,3898,849
2022,Volta,DISTRICT5196,1,1354,1405,3598,1404
2022,Volta,DISTRICT5196,2,3350,1903,2972,1348
2022,Volta,DISTRICT5196,3,9714,654,2870,890
2022,Volta,DISTRICT5196,4,1638,1903,2533,1266
2022,Western,DISTRICT1902,1,8421,994,4287,1928
2022,Western,DISTRICT1902,2,5516,804,2960,1785
2022,Western,DISTRICT1902,3,5780,1690,1934,881
2022,Western,DISTRICT1902,4,5318,1956,3206,1179
2022,Western,DISTRICT2245,1,9808,525,2639,1981
2022,Western,DISTRICT2245,2,1129,682,2022,1788
2022,Western,DISTRICT2245,3,1959,586,1494,924
2022,Western,DISTRICT2245,4,9114,911,4055,946
2022,Western,DISTRICT6192,1,7806,1199,4460,722
2022,Western,DISTRICT6192,2,9588,1190,3695,1644
2022,Western,DISTRICT6192,3,9521,1626,2441,1017
2022,Western,DISTRICT6192,4,4553,1163,3239,543
2022,Western,DISTRICT471,1,8119,1405,1310,1306
2022,Western,DISTRICT471,2,9299,1476,2982,1098
2022,Western,DISTRICT471,3,3527,1968,3818,1806
2022,Western,DISTRICT471,4,2046,773,4652,1118
2022,Western,DISTRICT9293,1,2511,592,871,1150
2022,Western,DISTRICT9293,2,3299,1087,2207,1360
2022,Western,DISTRICT9293,3,9164,1781,3047,1581
2022,Western,DISTRICT9293,4,8029,1428,3890,985
2022,Savannah,DISTRICT3980,1,7521,1612,4976,555
2022,Savannah,DISTRICT3980,2,9540,1456,1128,1268
2022,Savannah,DISTRICT3980,3,3724,1025,1737,505
2022,Savannah,DISTRICT3980,4,1786,1301,3131,1136
2022,Savannah,DISTRICT9238,1,2660,951,2753,1133
2022,Savannah,DISTRICT9238,2,7052,650,1642,1962
2022,Savannah,DISTRICT9238,3,5324,762,2882,1422
2022,Savannah,DISTRICT9238,4,3161,1558,1463,1803
2022,Savannah,DISTRICT1545,1,2940,1575,2102,1655
2022,Savannah,DISTRICT1545,2,2709,1607,3774,600
2022,Savannah,DISTRICT1545,3,7125,1443,2671,1053
2022,Savannah,DISTRICT1545,4,9548,1957,4909,1656
2022,Bono East,DISTRICT1438,1,1227,1439,3977,628
2022,Bono East,DISTRICT1438,2,1764,569,2429,822
2022,Bono East,DISTRICT1438,3,9518,987,894,1275
2022,Bono East,DISTRICT1438,4,2487,916,3779,1083
2022,Bono East,DISTRICT1090,1,3469,910,3286,1570
2022,Bono East,DISTRICT1090,2,1574,1648,4161,604
2022,Bono East,DISTRICT1090,3,4271,1337,3602,1880
2022,Bono East,DISTRICT1090,4,6148,1336,3262,1275
2022,Bono East,DISTRICT1038,1,9542,1292,3011,1094
2022,Bono East,DISTRICT1038,2,6509,1798,2408,1445
2022,Bono East,DISTRICT1038,3,5221,1450,2025,1276
2022,Bono East,DISTRICT1038,4,1981,1207,3986,673
2022,Bono East,DISTRICT4861,1,1653,1055,2256,1922
2022,Bono East,DISTRICT4861,2,4750,1861,2493,557
2022,Bono East,DISTRICT4861,3,7598,994,3799,734
2022,Bono East,DISTRICT4861,4,5967,1788,3370,1940
2022,Oti,DISTRICT9645,1,6326,1356,3670,1961
2022,Oti,DISTRICT9645,2,7773,1145,2489,1805
2022,Oti,DISTRICT9645,3,5984,1589,2152,1739
2022,Oti,DISTRICT9645,4,7212,1918,3903,1087
2022,Oti,DISTRICT506,1,4091,1726,4146,1741
2022,Oti,DISTRICT506,2,3730,504,3438,1240
2022,Oti,DISTRICT506,3,4719,1287,1594,1941
2022,Oti,DISTRICT506,4,9368,821,2859,1983
2022,Oti,DISTRICT3046,1,2012,1595,4254,1772
2022,Oti,DISTRICT3046,2,3348,1407,3028,1438
2022,Oti,DISTRICT3046,3,8688,1602,3222,1535
2022,Oti,DISTRICT3046,4,8278,1959,2269,894
2022,Oti,DISTRICT7523,1,6106,1972,4710,1190
2022,Oti,DISTRICT7523,2,9243,811,3459,1651
2022,Oti,DISTRICT7523,3,2096,1533,4512,1252
2022,Oti,DISTRICT7523,4,1492,1286,2605,1688
2022,Ahafo,DISTRICT9038,1,3473,1312,3892,1114
2022,Ahafo,DISTRICT9038,2,3300,994,4966,1502
2022,Ahafo,DISTRICT9038,3,8403,1656,4222,1998
2022,Ahafo,DISTRICT9038,4,1352,510,4709,1142
2022,Ahafo,DISTRICT9155,1,5622,946,2436,1910
2022,Ahafo,DISTRICT9155,2,5302,826,1988,1265
2022,Ahafo,DISTRICT9155,3,4667,1851,1994,1016
2022,Ahafo,DISTRICT9155,4,8513,917,2981,1543
2022,Ahafo,DISTRICT132,1,4744,1997,2867,1464
2022,Ahafo,DISTRICT132,2,2061,904,3063,1737
2022,Ahafo,DISTRICT132,3,2423,1351,1389,1962
2022,Ahafo,DISTRICT132,4,6699,1468,3759,1117
2022,Ahafo,DISTRICT8411,1,9365,1957,2855,1515
2022,Ahafo,DISTRICT8411,2,5227,893,912,1714
2022,Ahafo,DISTRICT8411,3,8389,910,1573,937
2022,Ahafo,DISTRICT8411,4,3185,878,1622,1993
2022,Ahafo,DISTRICT8837,1,4606,1594,946,1097
2022,Ahafo,DISTRICT8837,2,8816,1633,2146,1493
2022,Ahafo,DISTRICT8837,3,2656,1536,2310,1561
2022,Ahafo,DISTRICT8837,4,8644,880,2317,1530
2022,Western North,DISTRICT1238,1,2349,1033,3884,810
2022,Western North,DISTRICT1238,2,3374,1043,3705,630
2022,Western North,DISTRICT1238,3,3678,522,2382,1381
2022,Western North,DISTRICT1238,4,7771,1515,1875,1451
2022,Western North,DISTRICT2011,1,1767,1979,3470,603
2022,Western North,DISTRICT2011,2,5484,552,3127,1232
2022,Western North,DISTRICT2011,3,1529,1734,3758,1987
2022,Western North,DISTRICT2011,4,4554,1972,1458,1633
2022,Western North,DISTRICT5335,1,1263,778,1192,1329
2022,Western North,DISTRICT5335,2,5723,1696,2030,1096
2022,Western North,DISTRICT5335,3,5966,888,2418,632
2022,Western North,DISTRICT5335,4,1222,1039,1041,1469
2022,North East,DISTRICT2050,1,4309,1583,2295,831
2022,North East,DISTRICT2050,2,4758,689,1422,1309
2022,North East,DISTRICT2050,3,8506,1078,2663,1234
2022,North East,DISTRICT2050,4,5221,656,4810,896
2023,Ashanti,DISTRICT361,1,5498,1988,1164,568
2023,Ashanti,DISTRICT361,2,8810,1736,4694,1097
2023,Ashanti,DISTRICT361,3,8266,1055,4219,1988
2023,Ashanti,DISTRICT361,4,4025,1357,953,1071
2023,Ashanti,DISTRICT144,1,4509,1488,2842,747
2023,Ashanti,DISTRICT144,2,2194,1935,3679,1819
2023,Ashanti,DISTRICT144,3,8274,949,1095,866
2023,Ashanti,DISTRICT144,4,9232,777,1480,711
2023,Ashanti,DISTRICT8483,1,4995,632,3026,1191
2023,Ashanti,DISTRICT8483,2,5057,1370,862,986
2023,Ashanti,DISTRICT8483,3,4459,1160,1842,1379
2023,Ashanti,DISTRICT8483,4,4817,1851,3533,1387
2023,Brong Ahafo,DISTRICT3189,1,7265,1654,4626,801
2023,Brong Ahafo,DISTRICT3189,2,7900,1125,1269,1331
2023,Brong Ahafo,DISTRICT3189,3,7753,1560,2632,1587
2023,Brong Ahafo,DISTRICT3189,4,9013,557,2257,851
2023,Brong Ahafo,DISTRICT5021,1,3275,1721,2520,658
2023,Brong Ahafo,DISTRICT5021,2,9961,1491,2709,1667
2023,Brong Ahafo,DISTRICT5021,3,2152,1069,1558,1480
2023,Brong Ahafo,DISTRICT5021,4,5664,637,2596,1903
2023,Brong Ahafo,DISTRICT5593,1,5382,1878,4853,1267
2023,Brong Ahafo,DISTRICT5593,2,3724,608,1253,963
2023,Brong Ahafo,DISTRICT5593,3,7177,877,3296,1957
2023,Brong Ahafo,DISTRICT5593,4,3471,1541,4936,1645
2023,Brong Ahafo,DISTRICT1915,1,4356,549,1749,1025
2023,Brong Ahafo,DISTRICT1915,2,9107,890,999,1741
2023,Brong Ahafo,DISTRICT1915,3,3494,1583,1885,836
2023,Brong Ahafo,DISTRICT1915,4,3571,1864,4184,1716
2023,Brong Ahafo,DISTRICT5132,1,2443,1335,2356,1949
2023,Brong Ahafo,DISTRICT5132,2,9226,1925,3745,1661
2023,Brong Ahafo,DISTRICT5132,3,9599,1718,3597,794
2023,Brong Ahafo,DISTRICT5132,4,3520,714,1284,730
2023,Central,DISTRICT5161,1,3967,1768,1618,628
2023,Central,DISTRICT5161,2,3906,1778,2143,1350
2023,Central,DISTRICT5161,3,2341,1891,2224,691
2023,Central,DISTRICT5161,4,1070,1458,3157,1098
2023,Central,DISTRICT2383,1,4953,1178,1730,1917
2023,Central,DISTRICT2383,2,9587,1830,3207,1091
2023,Central,DISTRICT2383,3,3661,1848,1981,1966
2023,Central,DISTRICT2383,4,8607,1773,1820,1323
2023,Central,DISTRICT8296,1,1616,1966,3506,1907
2023,Central,DISTRICT8296,2,2324,1985,3684,1221
2023,Central,DISTRICT8296,3,9656,1457,4685,1782
2023,Central,DISTRICT8296,4,3619,576,1863,1703
2023,Central,DISTRICT5080,1,9283,1872,3635,1724
2023,Central,DISTRICT5080,2,1546,1540,2715,1317
2023,Central,DISTRICT5080,3,4105,1755,1417,1194
2023,Central,DISTRICT5080,4,5216,1592,2142,1692
2023,Eastern,DISTRICT7176,1,7677,1695,2135,963
2023,Eastern,DISTRICT7176,2,9440,1112,4478,544
2023,Eastern,DISTRICT7176,3,6121,1704,3095,1848
2023,Eastern,DISTRICT7176,4,9831,993,1521,1880
2023,Eastern,DISTRICT5556,1,7134,799,2811,1407
2023,Eastern,DISTRICT5556,2,2872,637,3944,501
2023,Eastern,DISTRICT5556,3,1959,1229,1753,1341
2023,Eastern,DISTRICT5556,4,1023,1119,1527,759
2023,Eastern,DISTRICT2722,1,7843,1728,3891,752
2023,Eastern,DISTRICT2722,2,8807,604,3211,1313
2023,Eastern,DISTRICT2722,3,8814,965,3236,1270
2023,Eastern,DISTRICT2722,4,2632,520,1914,1704
2023,Eastern,DISTRICT1917,1,8863,1262,3760,1831
2023,Eastern,DISTRICT1917,2,8357,1513,820,634
2023,Eastern,DISTRICT1917,3,9909,1098,4585,981
2023,Eastern,DISTRICT1917,4,2013,1331,2618,1564
2023,Eastern,DISTRICT4686,1,5742,1645,3156,844
2023,Eastern,DISTRICT4686,2,1736,1305,1074,1526
2023,Eastern,DISTRICT4686,3,5142,1935,2991,679
2023,Eastern,DISTRICT4686,4,9805,1405,4578,689
2023,Greater Accra,DISTRICT1544,1,4012,615,4467,895
2023,Greater Accra,DISTRICT1544,2,9296,1725,4822,1479
2023,Greater Accra,DISTRICT1544,3,5649,801,1461,1736
2023,Greater Accra,DISTRICT1544,4,2320,1514,2543,1053
2023,Greater Accra,DISTRICT5869,1,9487,1324,3077,782
2023,Greater Accra,DISTRICT5869,2,7484,1763,3905,1707
2023,Greater Accra,DISTRICT5869,3,7374,764,3470,1017
2023,Greater Accra,DISTRICT5869,4,5125,956,3398,1610
2023,Greater Accra,DISTRICT3573,1,4528,1465,2313,1647
2023,Greater Accra,DISTRICT3573,2,5795,956,2235,1769
2023,Greater Accra,DISTRICT3573,3,8908,802,3101,1607
2023,Greater Accra,DISTRICT3573,4,2599,919,4047,1484
2023,Northern,DISTRICT1867,1,2759,654,2045,1769
2023,Northern,DISTRICT1867,2,3039,1583,4390,1978
2023,Northern,DISTRICT1867,3,1995,1826,4872,1891
2023,Northern,DISTRICT1867,4,2192,1800,3357,1696
2023,Northern,DISTRICT3542,1,3794,1110,2158,1195
2023,Northern,DISTRICT3542,2,5198,1304,1274,1247
2023,Northern,DISTRICT3542,3,9707,553,3988,814
2023,Northern,DISTRICT3542,4,6244,728,2174,1421
2023,Upper East,DISTRICT665,1,2399,1156,1982,1035
2023,Upper East,DISTRICT665,2,2856,1850,2150,1443
2023,Upper East,DISTRICT665,3,3435,1518,3065,962
2023,Upper East,DISTRICT665,4,3080,1243,1521,1212
2023,Upper West,DISTRICT5522,1,7365,1171,3762,1656
2023,Upper West,DISTRICT5522,2,1887,1849,1207,829
2023,Upper West,DISTRICT5522,3,3637,1942,4276,542
2023,Upper West,DISTRICT5522,4,2179,1651,955,1508
2023,Upper West,DISTRICT3062,1,5179,589,2923,1082
2023,Upper West,DISTRICT3062,2,3745,865,882,1628
2023,Upper West,DISTRICT3062,3,5956,684,2474,1593
2023,Upper West,DISTRICT3062,4,4464,1661,2399,1832
2023,Upper West,DISTRICT5368,1,6260,1350,2181,577
2023,Upper West,DISTRICT5368,2,3299,1828,4881,1216
2023,Upper West,DISTRICT5368,3,7324,1968,1475,1957
2023,Upper West,DISTRICT5368,4,1095,1562,1206,1415
2023,Upper West,DISTRICT1614,1,9269,1807,1385,1696
2023,Upper West,DISTRICT1614,2,3773,1000,1239,1192
2023,Upper West,DISTRICT1614,3,7849,557,3596,557
2023,Upper West,DISTRICT1614,4,6298,963,2835,880
2023,Volta,DISTRICT666,1,8590,1339,2729,1395
2023,Volta,DISTRICT666,2,3646,1253,2596,1587
2023,Volta,DISTRICT666,3,8724,1338,2322,1259
2023,Volta,DISTRICT666,4,2427,1196,1843,729
2023,Volta,DISTRICT3638,1,6241,1291,4483,1693
2023,Volta,DISTRICT3638,2,1753,1110,1494,812
2023,Volta,DISTRICT3638,3,2501,885,4125,963
2023,Volta,DISTRICT3638,4,1990,1165,4617,1020
2023,Western,DISTRICT939,1,4932,1317,3759,822
2023,Western,DISTRICT939,2,3739,521,4372,1456
2023,Western,DISTRICT939,3,4030,813,2372,1654
2023,Western,DISTRICT939,4,2538,694,2700,1573
2023,Western,DISTRICT1361,1,4175,679,1051,894
2023,Western,DISTRICT1361,2,6129,538,1498,1554
2023,Western,DISTRICT1361,3,4931,1004,1677,1186
2023,Western,DISTRICT1361,4,3280,903,2254,1139
2023,Western,DISTRICT7338,1,6912,1965,2277,1529
2023,Western,DISTRICT7338,2,9562,1451,1716,1551
2023,Western,DISTRICT7338,3,1188,1469,4407,1214
2023,Western,DISTRICT7338,4,9657,744,3616,1754
2023,Western,DISTRICT6430,1,3500,1641,4293,1190
2023,Western,DISTRICT6430,2,3557,1838,891,942
2023,Western,DISTRICT6430,3,8875,1171,4195,533
2023,Western,DISTRICT6430,4,9170,1027,1141,866
2023,Savannah,DISTRICT3095,1,6587,1136,3764,954
2023,Savannah,DISTRICT3095,2,6774,572,2672,1205
2023,Savannah,DISTRICT3095,3,9665,550,4191,1453
2023,Savannah,DISTRICT3095,4,2357,578,4894,1345
2023,Savannah,DISTRICT7440,1,4417,659,2115,935
2023,Savannah,DISTRICT7440,2,6514,1269,2238,1190
2023,Savannah,DISTRICT7440,3,7210,1967,2852,860
2023,Savannah,DISTRICT7440,4,3164,737,4515,1306
2023,Bono East,DISTRICT8188,1,4357,692,3680,949
2023,Bono East,DISTRICT8188,2,3406,1324,2191,542
2023,Bono East,DISTRICT8188,3,4982,1140,2294,1643
2023,Bono East,DISTRICT8188,4,1557,1433,4757,916
2023,Bono East,DISTRICT6481,1,1470,1195,3032,1216
2023,Bono East,DISTRICT6481,2,5685,548,4285,1556
2023,Bono East,DISTRICT6481,3,4891,1739,1870,733
2023,Bono East,DISTRICT6481,4,8188,1772,4796,1263
2023,Bono East,DISTRICT5499,1,8327,1811,1956,1102
2023,Bono East,DISTRICT5499,2,1059,764,3594,666
2023,Bono East,DISTRICT5499,3,8508,804,4217,1225
2023,Bono East,DISTRICT5499,4,8203,1292,1022,1475
2023,Bono East,DISTRICT6986,1,5894,552,3156,1800
2023,Bono East,DISTRICT6986,2,4789,1682,3793,1806
2023,Bono East,DISTRICT6986,3,1563,1211,4768,1374
2023,Bono East,DISTRICT6986,4,5235,1130,2960,1082
2023,Oti,DISTRICT3808,1,2448,1115,2868,572
2023,Oti,DISTRICT3808,2,4635,1283,1588,1329
2023,Oti,DISTRICT3808,3,8580,1427,1329,1254
2023,Oti,DISTRICT3808,4,8774,1149,4980,1944
2023,Oti,DISTRICT4587,1,5718,1854,3612,1323
2023,Oti,DISTRICT4587,2,6676,502,2946,630
2023,Oti,DISTRICT4587,3,6660,997,2476,1274
2023,Oti,DISTRICT4587,4,7973,1236,972,1852
2023,Oti,DISTRICT8697,1,3329,1039,1159,1493
2023,Oti,DISTRICT8697,2,1604,659,4989,860
2023,Oti,DISTRICT8697,3,6507,913,3677,1660
2023,Oti,DISTRICT8697,4,5292,1252,3666,1204
2023,Oti,DISTRICT3751,1,1311,1434,1764,1943
2023,Oti,DISTRICT3751,2,7061,1180,2399,560
2023,Oti,DISTRICT3751,3,7621,1731,3550,821
2023,Oti,DISTRICT3751,4,6187,1170,3556,1446
2023,Ahafo,DISTRICT5073,1,9718,1302,1790,1265
2023,Ahafo,DISTRICT5073,2,3895,1932,1808,1589
2023,Ahafo,DISTRICT5073,3,7004,1061,2819,908
2023,Ahafo,DISTRICT5073,4,3248,1361,1292,1109
2023,Ahafo,DISTRICT5513,1,7939,1424,2303,1031
2023,Ahafo,DISTRICT5513,2,2023,1560,1092,1201
2023,Ahafo,DISTRICT5513,3,9917,1309,1697,1337
2023,Ahafo,DISTRICT5513,4,7810,1195,3596,1950
2023,Ahafo,DISTRICT4423,1,9948,1704,1992,1841
2023,Ahafo,DISTRICT4423,2,9785,1104,1303,916
2023,Ahafo,DISTRICT4423,3,5835,1924,3049,951
2023,Ahafo,DISTRICT4423,4,5654,817,1470,878
2023,Ahafo,DISTRICT3412,1,7306,1457,3162,1893
2023,Ahafo,DISTRICT3412,2,9607,918,869,1721
2023,Ahafo,DISTRICT3412,3,6839,1480,4866,1151
2023,Ahafo,DISTRICT3412,4,3243,1274,4154,1831
2023,Ahafo,DISTRICT6024,1,1261,1732,2201,822
2023,Ahafo,DISTRICT6024,2,8023,891,831,1350
2023,Ahafo,DISTRICT6024,3,9513,1408,817,1829
2023,Ahafo,DISTRICT6024,4,4454,1875,1443,1378
2023,Western North,DISTRICT2932,1,8083,1575,1438,1266
2023,Western North,DISTRICT2932,2,7199,1544,4479,723
2023,Western North,DISTRICT2932,3,8967,1922,2035,1132
2023,Western North,DISTRICT2932,4,6952,1352,2553,942
2023,Western North,DISTRICT8252,1,1812,696,1001,1113
2023,Western North,DISTRICT8252,2,6636,889,4526,1751
2023,Western North,DISTRICT8252,3,9084,1028,3298,740
2023,Western North,DISTRICT8252,4,2110,794,3023,1990
2023,Western North,DISTRICT1913,1,5264,1187,3503,1751
2023,Western North,DISTRICT1913,2,1562,1016,1342,1704
2023,Western North,DISTRICT1913,3,5273,686,2312,1551
2023,Western North,DISTRICT1913,4,8685,969,4520,923
2023,Western North,DISTRICT5166,1,6621,1517,4713,1228
2023,Western North,DISTRICT5166,2,8145,1846,1612,920
2023,Western North,DISTRICT5166,3,6970,1714,1644,1640
2023,Western North,DISTRICT5166,4,2063,1877,1961,1759
2023,Western North,DISTRICT8653,1,3279,1609,3514,1875
2023,Western North,DISTRICT8653,2,5147,1861,2695,1583
2023,Western North,DISTRICT8653,3,6174,1588,4893,1207
2023,Western North,DISTRICT8653,4,6426,1878,4486,1189
2023,North East,DISTRICT558,1,7240,1819,4153,1400
2023,North East,DISTRICT558,2,4354,638,4700,1606
2023,North East,DISTRICT558,3,6323,1076,1829,1966
2023,North East,DISTRICT558,4,5925,1308,4675,612
